IP,ORIGIN,CERT_DOMAIN,CERT_ISSUER,GEO_CODE
43.164.134.132,43.164.134.132,alist.net.cn,"Let's Encrypt",N/A
43.164.134.150,43.164.134.150,allbs.xyz,"ZeroSSL",N/A
43.164.134.93,43.164.134.93,cpdd-ios.icu,"Let's Encrypt",N/A
43.164.134.158,43.164.134.158,knov.host,"Let's Encrypt",N/A
43.164.134.160,43.164.134.160,test2.helpcts.top,"Let's Encrypt",N/A
43.164.134.185,43.164.134.185,www.qwiekr.com,"Let's Encrypt",N/A
43.164.134.214,43.164.134.214,localhost,"FIT2CLOUD",N/A
43.164.134.216,43.164.134.216,www.make018.com,"Let's Encrypt",N/A
43.164.134.233,43.164.134.233,1.aba113.shop,"Let's Encrypt",N/A
43.164.134.5,43.164.134.5,test2.helpcts.top,"Let's Encrypt",N/A
43.164.134.240,43.164.134.240,test2.helpcts.top,"Let's Encrypt",N/A
43.164.133.252,43.164.133.252,www.aigcmarketing.de,"Let's Encrypt",N/A
43.164.134.250,43.164.134.250,test2.helpcts.top,"Let's Encrypt",N/A
43.164.134.252,43.164.134.252,mengluzf.cn,"Let's Encrypt",N/A
43.164.134.253,43.164.134.253,test2.helpcts.top,"Let's Encrypt",N/A
43.164.135.15,43.164.135.15,download.stank.cc,"Let's Encrypt",N/A
43.164.133.216,43.164.133.216,000070shop.top,"Let's Encrypt",N/A
43.164.135.35,43.164.135.35,xz.en999.cc,"Let's Encrypt",N/A
43.164.133.188,43.164.133.188,kr.apkz.cn,"Let's Encrypt",N/A
43.164.135.70,43.164.135.70,aicaihui.com,"DigiCert Inc",N/A
43.164.133.134,43.164.133.134,corr.eosgo.top,"Let's Encrypt",N/A
43.164.133.127,43.164.133.127,mxhs4.utdkj.com,"Let's Encrypt",N/A
43.164.135.132,43.164.135.132,edu.51yyt.cn,"Let's Encrypt",N/A
43.164.135.142,43.164.135.142,test2.helpcts.top,"Let's Encrypt",N/A
43.164.135.159,43.164.135.159,blog.mcenahle.sh.cn,"ZeroSSL",N/A
43.164.133.70,43.164.133.70,www.zzangbi.com,"Let's Encrypt",N/A
43.164.133.66,43.164.133.66,happysel.com,"Let's Encrypt",N/A
43.164.133.53,43.164.133.53,www.xnova.shop,"Let's Encrypt",N/A
43.164.135.193,43.164.135.193,test2.helpcts.top,"Let's Encrypt",N/A
43.164.133.43,43.164.133.43,www.buyrew.com,"Let's Encrypt",N/A
43.164.133.31,43.164.133.31,test2.helpcts.top,"Let's Encrypt",N/A
43.164.133.30,43.164.133.30,banknote.wiki,"TrustAsia Technologies, Inc.",N/A
43.164.133.18,43.164.133.18,CloudFlare Origin Certificate,"CloudFlare, Inc.",N/A
43.164.135.229,43.164.135.229,gmysunrising.com,"Let's Encrypt",N/A
43.164.133.13,43.164.133.13,g-c-w.com,"Let's Encrypt",N/A
43.164.135.234,43.164.135.234,moooyu.com,"Let's Encrypt",N/A
43.164.132.252,43.164.132.252,Cloudflare,"Cloudflare, Inc.",N/A
43.164.132.234,43.164.132.234,cloudflare-dns.com,"DigiCert Inc",N/A
43.164.132.227,43.164.132.227,test2.helpcts.top,"Let's Encrypt",N/A
43.164.132.214,43.164.132.214,fjxiazaigw.com,"Let's Encrypt",N/A
43.164.132.202,43.164.132.202,www.cloudflare.com,"Google Trust Services",N/A
43.164.132.197,43.164.132.197,cloudflare-dns.com,"DigiCert Inc",N/A
43.164.132.187,43.164.132.187,test2.helpcts.top,"Let's Encrypt",N/A
43.164.132.168,43.164.132.168,images.apple.com,"Apple Inc.",N/A
43.164.132.139,43.164.132.139,bpi-zc.info,"Let's Encrypt",N/A
43.164.132.120,43.164.132.120,ahqsl.com,"Let's Encrypt",N/A
43.164.132.93,43.164.132.93,ceceaeffe.cc,"Let's Encrypt",N/A
43.164.132.92,43.164.132.92,aocck.com,"Let's Encrypt",N/A
43.164.132.47,43.164.132.47,tuotuoda.net,"Let's Encrypt",N/A
43.164.132.42,43.164.132.42,www.xfada.com,"Let's Encrypt",N/A
